{"cameraMode":{"drawMode":0,"name":"Shaded","section":"Shading Mode"},"sceneLighting":false,"audioPlay":false,"sceneViewState":{"showFog":true,"showMaterialUpdate":true,"showSkybox":false,"showFlares":true,"showImageEffects":true,"showParticleSystems":true},"in2DMode":false,"pivot":{"x":21.555891036987306,"y":3.5136420726776125,"z":21.318981170654298},"rotation":{"x":-0.041409362107515338,"y":0.7406283020973206,"z":-0.04583623632788658,"w":-0.6690958142280579},"size":0.9794602394104004,"orthographic":false}