{"cameraMode":{"drawMode":0,"name":"Shaded","section":"Shading Mode"},"sceneLighting":true,"audioPlay":false,"sceneViewState":{"showFog":true,"showMaterialUpdate":true,"showSkybox":true,"showFlares":true,"showImageEffects":true,"showParticleSystems":true},"in2DMode":false,"pivot":{"x":5.145430564880371,"y":3.3748769760131838,"z":10.758294105529786},"rotation":{"x":-0.03078928403556347,"y":0.2512511909008026,"z":-0.007976890541613102,"w":-0.9674246907234192},"size":1.2247449159622193,"orthographic":false}