{"cameraMode":{"drawMode":0,"name":"Shaded","section":"Shading Mode"},"sceneLighting":true,"audioPlay":false,"sceneViewState":{"showFog":true,"showMaterialUpdate":true,"showSkybox":true,"showFlares":true,"showImageEffects":true,"showParticleSystems":true},"in2DMode":false,"pivot":{"x":3.417778253555298,"y":5.2333879470825199,"z":-10.036843299865723},"rotation":{"x":0.27292144298553469,"y":-0.42206189036369326,"z":0.13483954966068269,"w":0.8539827466011047},"size":1.2247449159622193,"orthographic":false}